SMILES,MW,ClogP,ClogS,TPSA,HBA,HBD,Rotatable Bonds
CC(C)n(cc1)nc1NS(c(cc1)cc(O)c1Cl)(=O)=O,315.78200000000004,2.6238000000000015,76.53730000000003,84.22,5,2,4
CC(C)[C@@H](C)n1nccc1NC(C(C(N1)=O)=CN=C1SC)=O,321.40600000000006,2.1575999999999995,86.36790000000005,92.66999999999999,6,2,5
CC(C)[C@H](C)n1nccc1NC(C(C(N1)=O)=CN=C1SC)=O,321.40600000000006,2.1575999999999995,86.36790000000005,92.66999999999999,6,2,5
C[C@@H](CC[N@H+](Cc1ccc(C(OC)=O)s1)C1)[C@@H]1n1cncc1,320.438,1.3971999999999993,85.10420000000005,48.56,5,1,4
C[C@H](CC[N@H+](Cc1ccc(C(OC)=O)s1)C1)[C@@H]1n1cncc1,320.438,1.3971999999999993,85.10420000000005,48.56,5,1,4
CC(C)=CCN1[C@H](CCO)C[N@H+](Cc2c(C)ccs2)CC1,309.4990000000001,1.47422,89.95150000000005,27.91,3,2,6
CCOC(N(CC1)CCC1[N@@H+]1C[C@H](CSC)CCC1)=O,301.4760000000001,1.2651999999999999,83.41970000000006,33.980000000000004,3,1,4
CCOC(N(CC1)CCC1[N@@H+]1C[C@@H](CSC)CCC1)=O,301.4760000000001,1.2651999999999999,83.41970000000006,33.980000000000004,3,1,4
CC(C)C[C@@H](CN(CC1)C(c2ccc(C[NH+](C)C)o2)=O)[C@]1(C)O,323.4570000000001,1.1833000000000007,89.31200000000005,58.120000000000005,3,2,5
CC(C)Cc1ccc(C[N@@H+]2C[C@H](CO)[C@H](CN(C)C)C2)s1,311.51500000000004,1.1314000000000002,89.88150000000006,27.910000000000004,3,2,7
CC[C@@H](CCCC1)[N@@H+]1[C@H](CC(N1c(cc2)ccc2OC)=O)C1=O,317.4090000000001,1.1744999999999994,87.65170000000006,51.050000000000004,3,1,4
CCC[NH+](CC1)CCN1C(Nc1cc(C(C)=O)ccc1)=S,306.455,1.1965,90.09490000000004,36.78,2,2,4
C[N@@H+](C[C@@H](c1cccs1)N1CCOCC1)C[C@@H]1OCCCC1,325.4980000000001,1.2052000000000003,89.66370000000006,26.14,4,1,6
C[N@@H+](C[C@@H](c1cccs1)N1CCOCC1)C[C@H]1OCCCC1,325.4980000000001,1.2052000000000003,89.66370000000006,26.14,4,1,6
C[C@H]1S[C@@H](C)C[N@@H+](C[C@H](CN2c3ccccc3)OC2=O)C1,307.4390000000001,1.4204999999999997,86.13570000000006,33.980000000000004,3,1,3
CC(C)=CCN1[C@@H](CCO)C[N@H+](Cc2ccc(C)s2)CC1,309.4990000000001,1.47422,89.95150000000005,27.91,3,2,6
CC(C)[N@@H+]1C[C@@H](CNC(/C=C/c2csc(C)n2)=O)CCC1,308.4710000000002,1.28422,87.45140000000005,46.43,3,2,5
CC(C)[N@@H+]1C[C@H](CNC(/C=C/c2csc(C)n2)=O)CCC1,308.4710000000002,1.28422,87.45140000000005,46.43,3,2,5
CC[C@H](CCCC1)[N@@H+]1[C@H](CC(N1c(cc2)ccc2OC)=O)C1=O,317.4090000000001,1.1744999999999994,87.65170000000006,51.050000000000004,3,1,4
CC(C)(C)OC(N(CC1)CCC1[N@@H+](C)Cc1cncs1)=O,312.459,1.5573000000000001,83.53370000000005,46.870000000000005,4,1,3
Cc1c(C[N@@H+](C)C[C@@H](CC2)CN2C(C2CC=CC2)=O)scn1,320.48199999999997,1.2809199999999998,88.85970000000005,37.64,3,1,5
CC[N@@H+](CCC1)[C@H]1[C@@H](CCC1)N1C(c(scc1)c1OC)=O,309.45500000000004,1.4284999999999997,84.32220000000007,33.980000000000004,3,1,4
CC[N@@H+](CCC1)[C@@H]1[C@@H](CCC1)N1C(c(scc1)c1OC)=O,309.45500000000004,1.4284999999999997,84.32220000000007,33.980000000000004,3,1,4
CC(C)=CCN1[C@@H](CCO)C[N@H+](Cc2c(C)ccs2)CC1,309.4990000000001,1.47422,89.95150000000005,27.91,3,2,6
C[C@H](C(N[C@@H](C)c(ccnc1)c1OC)=O)[N@H+]1[C@@H](C)CC[C@H]1C,306.43000000000006,1.1116000000000006,85.92940000000006,55.660000000000004,3,2,5
CC(C)(C)SCCNC(N(CCC1)[C@H]2[C@@H]1C[N@@H+](C)CC2)=O,314.5190000000001,1.2267000000000012,90.06540000000005,36.78,2,2,3
CSc1c(CN(CC2)CCC2[N@@H+](CCC2)C[C@H]2O)cccc1,321.51,1.4125000000000005,92.45950000000005,27.91,3,2,4
CSc1c(CN(CC2)CCC2[N@@H+](CCC2)C[C@@H]2O)cccc1,321.51,1.4125000000000005,92.45950000000005,27.91,3,2,4
CC([C@@H]([NH2+]Cc1cccs1)N1C[C@H]2OCCC2)=C(C)C1=O,307.439,1.4951999999999992,82.79740000000005,46.150000000000006,3,1,5
CC([C@H]([NH2+]Cc1cccs1)N1C[C@H]2OCCC2)=C(C)C1=O,307.439,1.4951999999999992,82.79740000000005,46.150000000000006,3,1,5
CC([C@@H]([NH2+]Cc1cccs1)N1C[C@@H]2OCCC2)=C(C)C1=O,307.439,1.4951999999999992,82.79740000000005,46.150000000000006,3,1,5
CC([C@H]([NH2+]Cc1cccs1)N1C[C@@H]2OCCC2)=C(C)C1=O,307.439,1.4951999999999992,82.79740000000005,46.150000000000006,3,1,5
CC[NH+](CC1)CCN1[C@H]([C@H](C)NC(C(C)C)=O)c1cccs1,324.514,1.1703000000000012,92.31340000000006,36.78,3,2,6
CC[NH+](CC1)CCN1[C@H]([C@@H](C)NC(C(C)C)=O)c1cccs1,324.514,1.1703000000000012,92.31340000000006,36.78,3,2,6
CC[NH+](CC1)CCN1[C@@H]([C@H](C)NC(C(C)C)=O)c1cccs1,324.514,1.1703000000000012,92.31340000000006,36.78,3,2,6
C[C@@H](C[N@H+](Cc1ncc(C(C)(C)C)s1)C1)[C@@H]1N1CCOCC1,324.5140000000002,1.1760000000000008,90.55870000000006,29.8,4,1,3
C[C@H](C[N@H+](Cc1ncc(C(C)(C)C)s1)C1)[C@H]1N1CCOCC1,324.5140000000002,1.1760000000000008,90.55870000000006,29.8,4,1,3
C[C@H](C[N@H+](Cc1ncc(C(C)(C)C)s1)C1)[C@@H]1N1CCOCC1,324.5140000000002,1.1760000000000008,90.55870000000006,29.8,4,1,3
C[C@@H](C[N@H+](Cc1ncc(C(C)(C)C)s1)C1)[C@H]1N1CCOCC1,324.5140000000002,1.1760000000000008,90.55870000000006,29.8,4,1,3
CC(C)(C)SCCNC(N(CCC1)[C@@H]2[C@H]1C[N@@H+](C)CC2)=O,314.5190000000001,1.2267000000000012,90.06540000000005,36.78,2,2,3
CC(C)[N@@H+](Cc1cn(C)nc1)Cc1c(C)sc(C(OC)=O)c1,322.45400000000006,1.5701199999999997,87.11020000000005,48.56,5,1,6
C[C@H]1O[C@@H](C)C[N@H+](C[C@@H](CCC2)N2C(c2c(C)ccs2)=O)C1,323.482,1.3532200000000003,88.68720000000005,33.980000000000004,3,1,3
C[C@H]1O[C@H](C)C[NH+](C[C@@H](CCC2)N2C(c2c(C)ccs2)=O)C1,323.482,1.3532200000000003,88.68720000000005,33.980000000000004,3,1,3
CC(C)c1cc(N2C[C@H](C)[N@@H+](C[C@@H](C)O)CC2)nc(C(C)C)n1,321.48900000000003,1.1976000000000002,94.26250000000006,53.69,4,2,5
CC[C@H](CCCC1)[N@@H+]1[C@@H](CC(N1c(cc2)ccc2OC)=O)C1=O,317.4090000000001,1.1744999999999994,87.65170000000006,51.050000000000004,3,1,4
CC(C)(C)OC(N(CCC1)C[C@H]1[NH2+]Cc1csc(C)n1)=O,312.45900000000006,1.91442,83.30940000000005,59.04,4,1,3
CC(C)=CCC[N@H+](C[C@@H]1CC2)C[C@@H]2N(Cc2cscn2)C1=O,320.482,1.5050999999999994,88.78770000000004,37.64,3,1,5
C[C@H](CC[N@H+](Cc1ccc(C(OC)=O)s1)C1)[C@H]1n1cncc1,320.438,1.3971999999999993,85.10420000000005,48.56,5,1,4
C[C@@H](CC[N@H+](Cc1ccc(C(OC)=O)s1)C1)[C@H]1n1cncc1,320.438,1.3971999999999993,85.10420000000005,48.56,5,1,4
CC(C)(C)SCCNC(N(CCC1)[C@H]2[C@H]1C[N@@H+](C)CC2)=O,314.5190000000001,1.2267000000000012,90.06540000000005,36.78,2,2,3
C[N@H+]1CC2(CCCCC2)N(Cc2csc(COC)n2)CC1,310.4870000000001,1.3226999999999998,85.67370000000005,29.8,4,1,4
CC(C)[N@@H+]1C[C@H](CNC(/C=C\c2csc(C)n2)=O)CCC1,308.4710000000002,1.28422,87.45140000000005,46.43,3,2,5
CC(C)[N@@H+]1C[C@@H](CNC(/C=C\c2csc(C)n2)=O)CCC1,308.4710000000002,1.28422,87.45140000000005,46.43,3,2,5
C[C@@H](C[N@H+](C)CC1)[C@H]1N(C)C(N[C@@H](CCCC1)[C@@H]1SC)=O,314.519,1.2251000000000012,90.04340000000006,36.78,2,2,3
C[C@H](C[N@H+](C)CC1)[C@@H]1N(C)C(N[C@@H](CCCC1)[C@@H]1SC)=O,314.519,1.2251000000000012,90.04340000000006,36.78,2,2,3
C[C@H](C[N@H+](C)CC1)[C@H]1N(C)C(N[C@@H](CCCC1)[C@@H]1SC)=O,314.519,1.2251000000000012,90.04340000000006,36.78,2,2,3
C[C@@H](CC(c1cccs1)=O)NC([C@@H]1C[C@H](C)[N@H+](C)CC1)=O,309.4550000000001,1.1388,84.81090000000005,50.61,3,2,5
CC1(C)[N@H+](C)CC[C@@H]1CN(C)C(c1ccc(COC)s1)=O,311.471,1.2797000000000007,85.93220000000007,33.980000000000004,3,1,5
Cc1ccc(CN(CCOC)C([C@H]2[N@H+](C)CCCC2)=O)s1,311.47100000000006,1.0987200000000001,85.74170000000005,33.980000000000004,3,1,6
CC1(C)[N@H+](C)CC[C@H]1CN(C)C(c1ccc(COC)s1)=O,311.471,1.2797000000000007,85.93220000000007,33.980000000000004,3,1,5
Cc1ccc(CN(CCOC)C([C@@H]2[N@H+](C)CCCC2)=O)s1,311.47100000000006,1.0987200000000001,85.74170000000005,33.980000000000004,3,1,6
C[C@H](C[N@H+]1C[C@@H](C)C[C@@H](C)C1)NC(N1CCSCCC1)=O,314.5190000000001,1.084200000000001,90.01740000000007,36.78,2,2,3
CC[C@@H](CCCC1)[N@@H+]1[C@@H](CC(N1c(cc2)ccc2OC)=O)C1=O,317.4090000000001,1.1744999999999994,87.65170000000006,51.050000000000004,3,1,4
Cc1c(C[N@@H+](C)C[C@H](CC2)CN2C(C2CC=CC2)=O)scn1,320.48199999999997,1.2809199999999998,88.85970000000005,37.64,3,1,5
CCOC(C(C)(C)c1csc([C@@H]2OC[C@@H](CCC3)[N@H+]3C2)n1)=O,325.454,1.1023999999999998,84.18470000000005,52.86000000000001,5,1,4
CCOC(C(C)(C)c1csc([C@@H]2OC[C@H](CCC3)[N@H+]3C2)n1)=O,325.454,1.1023999999999998,84.18470000000005,52.86000000000001,5,1,4
CCOC(C(C)(C)c1csc([C@H]2OC[C@H](CCC3)[N@H+]3C2)n1)=O,325.454,1.1023999999999998,84.18470000000005,52.86000000000001,5,1,4
CCOC(C(C)(C)c1csc([C@H]2OC[C@@H](CCC3)[N@H+]3C2)n1)=O,325.454,1.1023999999999998,84.18470000000005,52.86000000000001,5,1,4
C[C@@H]1O[C@@H](C)CN(C[C@@H]2[N@H+](Cc3cnc(C)s3)CCC2)C1,310.48700000000014,1.1080199999999998,85.85570000000006,29.8,4,1,4
C[C@@H]1O[C@@H](C)C[NH+](C[C@@H](CCC2)N2C(c2c(C)ccs2)=O)C1,323.482,1.3532200000000003,88.68720000000005,33.980000000000004,3,1,3
CC(C)[N@@H+]([C@H](CC1)CC2)[C@@H]1CN2C(NCCCCSC)=O,314.519,1.369200000000001,90.11340000000007,36.78,2,2,6
C[C@H]1O[C@H](C)CN(C[C@@H]2[N@H+](Cc3cnc(C)s3)CCC2)C1,310.48700000000014,1.1080199999999998,85.85570000000006,29.8,4,1,4
Cc1ccc(C[N@H+](CCOC)CC(N2CCCCC2)=O)s1,311.471,1.10032,85.76370000000006,33.980000000000004,3,1,7
CC(C)OC[C@@H](C[N@@H+](C[C@H]1OCCC1)Cc1cscc1)O,314.47099999999995,1.0979,84.78850000000006,43.13,4,2,9
CC(C)=CCN1[C@H](CCO)C[N@H+](Cc2ccc(C)s2)CC1,309.4990000000001,1.47422,89.95150000000005,27.91,3,2,6
CC(C)n1nccc1NC(C[N@H+](C)Cc1c(C)ccs1)=O,307.443,1.4873200000000002,85.75540000000004,51.36,4,2,6
CCCC[N@@H+](CCO)CC(N(CCC1)[C@H]1c1cccs1)=O,311.47099999999995,1.0889000000000009,85.56450000000005,44.980000000000004,3,2,8
CCC(SC1=NC(C[N@@H+](C)[C@H]2CC[C@@H](C)CC2)=C2)=NN1C2=O,321.46999999999997,1.3067999999999993,88.52270000000004,51.7,5,1,4
C[C@@H](C[N@H+]1C[C@@H](C)C[C@@H](C)C1)NC(N1CCSCCC1)=O,314.5190000000001,1.084200000000001,90.01740000000007,36.78,2,2,3
CC(SC1=NC(C[N@H+](C)C2CCCCCC2)=C2)=NN1C2=O,307.443,1.1969199999999995,83.95170000000003,51.7,5,1,3
CCCc1nc(CN(CC)C(C[N@H+]2[C@@H](C)CCC[C@H]2C)=O)no1,323.461,1.2164000000000008,87.98870000000005,63.67,4,1,7
C[N@@H+](C[C@H](c1cccs1)N1CCOCC1)C[C@@H]1OCCCC1,325.4980000000001,1.2052000000000003,89.66370000000006,26.14,4,1,6
C([C@H]1[C@@H](CCCC2)N2CCC1)[NH2+]C1CSCCSC1,301.545,1.6629000000000003,87.16640000000005,19.85,3,1,3
CCC[C@@H](COCC1)[N@@H+]1C(CC1)CCN1C(c1cccs1)=O,323.48199999999997,1.4365000000000008,88.58920000000005,33.980000000000004,3,1,4
CCC[C@H](COCC1)[N@@H+]1C(CC1)CCN1C(c1cccs1)=O,323.48199999999997,1.4365000000000008,88.58920000000005,33.980000000000004,3,1,4
CC[N@@H+](CCC1)CCN1C([C@@H](C)Sc(cc1)ccc1OC)=O,323.4820000000001,1.3129000000000004,90.74770000000007,33.980000000000004,3,1,5
CC[N@@H+](CCC1)CCN1C([C@H](C)Sc(cc1)ccc1OC)=O,323.4820000000001,1.3129000000000004,90.74770000000007,33.980000000000004,3,1,5
CC[N@@H+](CCC1)[C@@H]1[C@H](CCC1)N1C(c(scc1)c1OC)=O,309.45500000000004,1.4284999999999997,84.32220000000007,33.980000000000004,3,1,4
CC[N@@H+](CCC1)[C@H]1[C@H](CCC1)N1C(c(scc1)c1OC)=O,309.45500000000004,1.4284999999999997,84.32220000000007,33.980000000000004,3,1,4
C[C@H]1O[C@@H](C)C[N@H+](C[C@H](CCC2)N2C(c2c(C)ccs2)=O)C1,323.482,1.3532200000000003,88.68720000000005,33.980000000000004,3,1,3
CCC[N@@H+](CCC1)CCN1C(CCC(c1cccs1)=O)=O,309.45500000000004,1.2382000000000002,84.93520000000005,41.82,3,1,6
CC(C)Cc1ccc(C[N@@H+]2C[C@H](CO)[C@H](C[NH+](C)C)C2)s1,312.523,-0.28569999999999696,89.00520000000006,29.110000000000003,2,3,7
CCC[C@H](C(N1CCC(CC[N@@H+]2[C@@H](C)CCCC2)CC1)=O)[NH3+],311.51400000000007,0.4830000000000036,89.51480000000006,52.39,1,2,6
CCC[C@@H](C(N1CCC(CC[N@@H+]2[C@@H](C)CCCC2)CC1)=O)[NH3+],311.51400000000007,0.4830000000000036,89.51480000000006,52.39,1,2,6
CC[N@@H+](CC1)C[C@H](C)[C@H]1N(C)C(CC[C@H](c1ccccc1)[NH3+])=O,319.493,0.5214000000000028,92.88180000000007,52.39,1,2,6
CC[N@@H+](CC1)C[C@@H](C)[C@H]1N(C)C(CC[C@@H](c1ccccc1)[NH3+])=O,319.493,0.5214000000000028,92.88180000000007,52.39,1,2,6
CC[N@@H+](CC1)C[C@@H](C)[C@H]1N(C)C(CC[C@H](c1ccccc1)[NH3+])=O,319.493,0.5214000000000028,92.88180000000007,52.39,1,2,6
CC[N@@H+](CC1)C[C@H](C)[C@H]1N(C)C(CC[C@@H](c1ccccc1)[NH3+])=O,319.493,0.5214000000000028,92.88180000000007,52.39,1,2,6
CC[N@@H+](CC1)C[C@H](C)[C@H]1N(C)C([C@H](C)[C@H](c1ccccc1)[NH3+])=O,319.493,0.3773000000000039,92.81180000000006,52.39,1,2,5
CC[N@@H+](CC1)C[C@H](C)[C@H]1N(C)C([C@H](C)[C@@H](c1ccccc1)[NH3+])=O,319.493,0.3773000000000039,92.81180000000006,52.39,1,2,5
CC[N@@H+](CC1)C[C@@H](C)[C@H]1N(C)C([C@H](C)[C@H](c1ccccc1)[NH3+])=O,319.493,0.3773000000000039,92.81180000000006,52.39,1,2,5
CC[N@@H+](CC1)C[C@@H](C)[C@H]1N(C)C([C@H](C)[C@@H](c1ccccc1)[NH3+])=O,319.493,0.3773000000000039,92.81180000000006,52.39,1,2,5
CCC[C@@H](C(N1CCC(CC[N@@H+]2[C@H](C)CCCC2)CC1)=O)[NH3+],311.51400000000007,0.4830000000000036,89.51480000000006,52.39,1,2,6
CCC[C@H](C(N1CCC(CC[N@@H+]2[C@H](C)CCCC2)CC1)=O)[NH3+],311.51400000000007,0.4830000000000036,89.51480000000006,52.39,1,2,6
C([C@H]1[C@@H](CCCC2)[N@H+]2CCC1)[NH2+]C1CSCCSC1,302.553,0.2458000000000029,86.29010000000005,21.05,2,2,3
C[C@H](C[N@H+]1CC[C@H](C[N@@H+](C)Cc(s2)ccc2Cl)CC1)O,318.9140000000001,0.0919000000000017,84.75520000000004,29.11,2,3,6
C[C@@H](C[N@H+]1CC[C@H](C[N@@H+](C)Cc(s2)ccc2Cl)CC1)O,318.9140000000001,0.0919000000000017,84.75520000000004,29.11,2,3,6
CC(C)c1cc(N2C[C@H](C)[N@H+](C[C@H](C)O)CC2)nc(C(C)C)[nH+]1,322.497,0.616700000000002,93.02320000000006,54.94,3,2,5
COc1ccc([C@H]([C@H](C(O)=O)c2ccccc2)C(O)=O)cc1,300.31,2.7318000000000007,80.18960000000004,83.83000000000001,3,2,6
COc1ccc([C@@H]([C@H](C(O)=O)c2ccccc2)C(O)=O)cc1,300.31,2.7318000000000007,80.18960000000004,83.83000000000001,3,2,6
COc1ccc([C@H]([C@@H](C(O)=O)c2ccccc2)C(O)=O)cc1,300.31,2.7318000000000007,80.18960000000004,83.83000000000001,3,2,6
COc1ccc([C@@H]([C@@H](C(O)=O)c2ccccc2)C(O)=O)cc1,300.31,2.7318000000000007,80.18960000000004,83.83000000000001,3,2,6
OC([C@@H](CC=CC1)[C@@H]1C(Nc(cc1)cc(Cl)c1C(O)=O)=O)=O,323.7320000000001,2.643700000000001,80.03080000000003,103.69999999999999,3,3,4
OC([C@H](CC=CC1)[C@@H]1C(Nc(cc1)cc(Cl)c1C(O)=O)=O)=O,323.7320000000001,2.643700000000001,80.03080000000003,103.69999999999999,3,3,4
OC([C@H](CC=CC1)[C@H]1C(Nc(cc1)cc(Cl)c1C(O)=O)=O)=O,323.7320000000001,2.643700000000001,80.03080000000003,103.69999999999999,3,3,4
OC([C@@H](CC=CC1)[C@H]1C(Nc(cc1)cc(Cl)c1C(O)=O)=O)=O,323.7320000000001,2.643700000000001,80.03080000000003,103.69999999999999,3,3,4
OC(c(cc1)ccc1NC(Nc(cc1)ccc1C(O)=O)=O)=O,300.27000000000004,2.7270000000000003,79.44400000000005,115.72999999999999,3,4,4
Cc1c(C(O)=O)c(C(O)=O)c(cc(cc2)Br)c2n1,310.103,2.7021200000000007,68.0986,87.49,3,2,2
Cc(c(C(O)=O)c1C(F)(F)F)nn1-c(cccc1)c1C(O)=O,314.21900000000005,2.5959199999999996,67.22160000000002,92.41999999999999,4,2,3
OC(C(C1)=Nc2ncnn2[C@@H]1c(ccc(Cl)c1)c1Cl)=O,311.12800000000004,2.735100000000001,73.97080000000003,80.37,5,1,2
OC(C(C1)=Nc2ncnn2[C@H]1c(ccc(Cl)c1)c1Cl)=O,311.12800000000004,2.735100000000001,73.97080000000003,80.37,5,1,2
CC[C@@H](C)c1noc(C(N2C[C@H](CCC(O)=O)CCC2)=O)c1,308.37800000000004,2.905100000000002,80.70630000000006,83.63999999999999,4,1,6
CC[C@@H](C)c1noc(C(N2C[C@@H](CCC(O)=O)CCC2)=O)c1,308.37800000000004,2.905100000000002,80.70630000000006,83.63999999999999,4,1,6
CCC[C@@](CCC1)(CN1C(c(cccn1)c1OCC)=O)C(O)=O,320.38900000000007,2.5874000000000006,85.52030000000005,79.73000000000002,4,1,6
CCC[C@](CCC1)(CN1C(c(cccn1)c1OCC)=O)C(O)=O,320.38900000000007,2.5874000000000006,85.52030000000005,79.73000000000002,4,1,6
CC[C@H](C)c1noc(C(N2C[C@@H](CCC(O)=O)CCC2)=O)c1,308.37800000000004,2.905100000000002,80.70630000000006,83.63999999999999,4,1,6
CC[C@H](C)c1noc(C(N2C[C@H](CCC(O)=O)CCC2)=O)c1,308.37800000000004,2.905100000000002,80.70630000000006,83.63999999999999,4,1,6
CC(N1[C@@H](c2ccc(C(F)(F)F)cc2)SC[C@@H]1C(O)=O)=O,319.30400000000003,2.7525000000000004,70.58680000000004,57.61,3,1,2
CC(N1[C@H](c2ccc(C(F)(F)F)cc2)SC[C@@H]1C(O)=O)=O,319.30400000000003,2.7525000000000004,70.58680000000004,57.61,3,1,2
CC(N1[C@@H](c2ccc(C(F)(F)F)cc2)SC[C@H]1C(O)=O)=O,319.30400000000003,2.7525000000000004,70.58680000000004,57.61,3,1,2
CC(N1[C@H](c2ccc(C(F)(F)F)cc2)SC[C@H]1C(O)=O)=O,319.30400000000003,2.7525000000000004,70.58680000000004,57.61,3,1,2
OC(C[C@H](CCC1)N1C(CSc(cc1)cc(F)c1F)=O)=O,315.34100000000007,2.5226000000000006,74.06980000000001,57.61,3,1,5
OC(C[C@@H](CCC1)N1C(CSc(cc1)cc(F)c1F)=O)=O,315.34100000000007,2.5226000000000006,74.06980000000001,57.61,3,1,5
CC(C)(C)OC(N[C@@H](CC(O)=O)c(cc1)cc(F)c1OC)=O,313.32500000000005,2.8748000000000005,77.31550000000004,84.85999999999999,4,2,5
CC(C)(C)OC(N[C@H](CC(O)=O)c(cc1)cc(F)c1OC)=O,313.32500000000005,2.8748000000000005,77.31550000000004,84.85999999999999,4,2,5
OC([C@H](CN(C1)C(CCCc2cccs2)=O)[C@@H]1C1CC1)=O,307.41500000000013,2.6400000000000015,81.17680000000004,57.61,3,1,6
CC(C)n1ncc(S(Nc2cccc(Cl)c2O)(=O)=O)c1,315.78200000000004,2.6238,76.53730000000003,84.22,5,2,4
CSCc(cc(cc1)C(N(CCC2)C[C@@H]2C(O)=O)=O)c1F,311.378,2.6255000000000006,79.88230000000003,57.61,3,1,4
CSCc(cc(cc1)C(N(CCC2)C[C@H]2C(O)=O)=O)c1F,311.378,2.6255000000000006,79.88230000000003,57.61,3,1,4
CSCc(cc(cc1)C(N(CCCC2)[C@H]2C(O)=O)=O)c1F,311.378,2.7680000000000007,79.93030000000003,57.61,3,1,4
OC(CCCn1ncc(NC(/C=C/c(cc2)ccc2F)=O)c1)=O,317.3200000000001,2.538900000000001,83.16050000000003,84.22,4,2,7
CC(N/C(/C(O)=O)=C\c(cccc1OC2CCCC2)c1OC)=O,319.3570000000001,2.5782000000000007,85.30750000000005,84.86000000000001,4,2,6
OC([C@H](C[C@H]1[C@@H]2CCCC1)N2C(CC1CCSCC1)=O)=O,311.44700000000006,2.764000000000001,83.29880000000004,57.61,3,1,3
OC([C@H](C[C@@H]1[C@@H]2CCCC1)N2C(CC1CCSCC1)=O)=O,311.44700000000006,2.764000000000001,83.29880000000004,57.61,3,1,3
CCn1c(cccc2)c2c(-c(n2C)nnc2SCC(O)=O)c1,316.3860000000001,2.6334,85.96880000000004,72.94,6,1,5
OC([C@H](C[C@H]1[C@H]2CCCC1)N2C(CC1CCSCC1)=O)=O,311.44700000000006,2.764000000000001,83.29880000000004,57.61,3,1,3
OC([C@H](C[C@@H]1[C@H]2CCCC1)N2C(CC1CCSCC1)=O)=O,311.44700000000006,2.764000000000001,83.29880000000004,57.61,3,1,3
CSCCC(N1C[C@H](Cc(cc2)ccc2C(O)=O)CC1)=O,307.41500000000013,2.528900000000001,84.79130000000005,57.61,3,1,6
CSCCC(N1C[C@@H](Cc(cc2)ccc2C(O)=O)CC1)=O,307.41500000000013,2.528900000000001,84.79130000000005,57.61,3,1,6
CC(C)Cn1ncc(C(Nc2cccc(C(O)=O)c2)=O)c1C,301.34600000000006,2.798020000000001,83.15650000000004,84.22,4,2,5
C[C@@H](CN(C)C(c1cc(OC2CCCCC2)ncc1)=O)C(O)=O,320.389,2.5858,85.49830000000006,79.72999999999999,4,1,6
C[C@H](CN(C)C(c1cc(OC2CCCCC2)ncc1)=O)C(O)=O,320.389,2.5858,85.49830000000006,79.72999999999999,4,1,6
C[C@H](c1ccco1)N(C1CC1)C(c1cccc(C(O)=O)n1)=O,300.314,2.738600000000001,77.51080000000003,83.63999999999999,4,1,5
C[C@@H](c1ccco1)N(C1CC1)C(c1cccc(C(O)=O)n1)=O,300.314,2.738600000000001,77.51080000000003,83.63999999999999,4,1,5
CC(C)[C@@H](C(O)=O)NC(Nc1c(C(F)(F)F)cccc1)=O,304.268,2.9361000000000006,69.86020000000002,78.43,2,3,4
COc1ccc([C@H](CC2)CN2C(c2ccc(C(O)=O)o2)=O)cc1,315.32500000000005,2.6161000000000003,81.92280000000004,79.98,4,1,4
OC(c(cc1)ncc1C(N[C@H](CC1)CC[C@H]1C(F)(F)F)=O)=O,316.279,2.630700000000001,70.46350000000001,79.29,3,2,3
OC([C@@H](CCC1)N1C(c1cc(Oc2ccncc2)ccc1)=O)=O,312.3250000000001,2.5631000000000004,82.44730000000006,79.73,4,1,4
OC(c(cc1)ncc1C(N[C@H](CCC1)C[C@@H]1C(F)(F)F)=O)=O,316.279,2.630700000000001,70.46350000000001,79.29,3,2,3
OC(c(cc1)ncc1C(N[C@H](CCC1)C[C@H]1C(F)(F)F)=O)=O,316.279,2.630700000000001,70.46350000000001,79.29,3,2,3
OC([C@H](CCC1)N1C(c1cc(Oc2ccncc2)ccc1)=O)=O,312.3250000000001,2.5631000000000004,82.44730000000006,79.73,4,1,4
OC(c(cc1)ncc1C(N[C@@H](CCC1)C[C@@H]1C(F)(F)F)=O)=O,316.279,2.630700000000001,70.46350000000001,79.29,3,2,3
CC(C)c1ccc([C@@H](C)NC(c(n(C)nc2)c2C(O)=O)=O)cc1,315.373,2.7327000000000004,86.57950000000004,84.22,4,2,5
OC(c(cc1)ncc1C(N[C@@H](CCC1)C[C@H]1C(F)(F)F)=O)=O,316.279,2.630700000000001,70.46350000000001,79.29,3,2,3
CC(C)c1ccc([C@H](C)NC(c(n(C)nc2)c2C(O)=O)=O)cc1,315.373,2.7327000000000004,86.57950000000004,84.22,4,2,5
CC(C)N(Cc1cccs1)C(c1cc(C(O)=O)ncc1)=O,304.371,2.892100000000001,80.52480000000004,70.5,4,1,5
C[C@@](CC1)(CN1C(c(cc1)cc(CSC)c1F)=O)C(O)=O,311.37800000000004,2.6255000000000006,79.88230000000003,57.61000000000001,3,1,4
C[C@](CC1)(CN1C(c(cc1)cc(CSC)c1F)=O)C(O)=O,311.37800000000004,2.6255000000000006,79.88230000000003,57.61000000000001,3,1,4
CSCc(cc(cc1)C(N(CC2)CCC2C(O)=O)=O)c1F,311.378,2.6255000000000006,79.88230000000003,57.61,3,1,4
C[C@@H](Cc1c(C)onc1C)C(N1[C@H](CCC(O)=O)CCCC1)=O,322.40500000000014,2.7159400000000007,85.06680000000004,83.63999999999999,4,1,6
C[C@@H](Cc1c(C)onc1C)C(N1[C@@H](CCC(O)=O)CCCC1)=O,322.40500000000014,2.7159400000000007,85.06680000000004,83.63999999999999,4,1,6
C[C@H](CC1)C[C@H](c2ccco2)N1C(c(cc1)cnc1C(O)=O)=O,314.34100000000007,2.986200000000001,82.07980000000003,83.63999999999999,4,1,3
CC(C)(C)OC(N1[C@H](C(F)(F)F)SC[C@H]1CC(O)=O)=O,315.313,2.702000000000001,66.41480000000004,66.84,4,1,2
CC(C)(C)OC(N1[C@H](C(F)(F)F)SC[C@@H]1CC(O)=O)=O,315.313,2.702000000000001,66.41480000000004,66.84,4,1,2
COCc1c(C(N2C[C@@H](CCC(O)=O)CCC2)=O)scc1,311.4029999999999,2.6115000000000013,80.52930000000005,66.84,4,1,6
COCc1c(C(N2C[C@H](CCC(O)=O)CCC2)=O)scc1,311.4029999999999,2.6115000000000013,80.52930000000005,66.84,4,1,6
C[C@@H](CN(C1CC1)C([C@@H]1c(cccc2)c2SC1)=O)C(O)=O,305.39900000000006,2.5876,81.44180000000004,57.61000000000001,3,1,5
C[C@H](Cc1c(C)onc1C)C(N1[C@@H](CCC(O)=O)CCCC1)=O,322.40500000000014,2.7159400000000007,85.06680000000004,83.63999999999999,4,1,6
C[C@H](Cc1c(C)onc1C)C(N1C[C@H](CCC(O)=O)CCC1)=O,322.40500000000014,2.5734400000000006,85.01880000000004,83.63999999999999,4,1,6
C[C@H](Cc1c(C)onc1C)C(N1C[C@@H](CCC(O)=O)CCC1)=O,322.40500000000014,2.5734400000000006,85.01880000000004,83.63999999999999,4,1,6
CC(C)Oc(ccc(C(O)=O)c1)c1NC(c1cccn1C)=O,302.33000000000004,2.7628000000000013,82.53150000000004,80.56,4,2,5
CC(C)(C)OC(N[C@H](CC(O)=O)c(cc1)cnc1Cl)=O,300.742,2.7755,73.61050000000004,88.51999999999998,4,2,4
C[C@H](CN(C1CC1)C([C@@H]1c(cccc2)c2SC1)=O)C(O)=O,305.39900000000006,2.5876,81.44180000000004,57.61000000000001,3,1,5
C[C@@H](CC1)C[C@@H](c2ccco2)N1C(c(cc1)cnc1C(O)=O)=O,314.34100000000007,2.986200000000001,82.07980000000003,83.63999999999999,4,1,3
C[C@@H](CC1)C[C@H](c2ccco2)N1C(c(cc1)cnc1C(O)=O)=O,314.34100000000007,2.986200000000001,82.07980000000003,83.63999999999999,4,1,3
CC(C)(C)[C@H](c1cn(C)nc1)NC(c(cc1)ccc1C(O)=O)=O,315.37300000000005,2.6355000000000004,86.27150000000005,84.22,4,2,4
CC(C)(C)[C@@H](c1cn(C)nc1)NC(c(cc1)ccc1C(O)=O)=O,315.37300000000005,2.6355000000000004,86.27150000000005,84.22,4,2,4
CC(C)n(cc1)nc1C(Nc1cc(CCC(O)=O)ccc1)=O,301.346,2.7335000000000003,82.96400000000004,84.22,4,2,6
CSCCC(N(CCC1)C[C@H]1c(cc1)ccc1C(O)=O)=O,307.4150000000001,2.8439000000000005,84.95530000000005,57.61,3,1,5
CSCCC(N(CCC1)C[C@@H]1c(cc1)ccc1C(O)=O)=O,307.4150000000001,2.8439000000000005,84.95530000000005,57.61,3,1,5
C[C@@H](Cc1cscc1)N(C)C(c(cc1)cnc1C(O)=O)=O,304.37100000000004,2.5445,80.77480000000003,70.5,4,1,5
CC(c1cccc([C@@H](C(O)=O)N(C)Cc2nccs2)c1F)=O,322.361,2.7425000000000015,80.36230000000003,70.5,5,1,6
C[C@H](Cc1cscc1)N(C)C(c(cc1)cnc1C(O)=O)=O,304.37100000000004,2.5445,80.77480000000003,70.5,4,1,5
OC(c1cccc(C(N(CCC2)[C@@H]2c2cccs2)=O)n1)=O,302.355,2.8186000000000018,78.52680000000004,70.5,4,1,3
CC(C)(C)n(c(C)c1)nc1C(N[C@H](C(O)=O)c1ccccc1)=O,315.37300000000005,2.502220000000001,86.24500000000005,84.22,4,2,4
OC([C@H](CCC1)N1C(c(cc1)ccc1Oc1cnccc1)=O)=O,312.3250000000001,2.5631000000000004,82.44730000000006,79.73,4,1,4
CC(C)[C@H](C(O)=O)NC(Nc1cccc(Br)c1)=O,315.16700000000003,2.6798,72.55820000000003,78.43,2,3,4
CC(C)c1ccc([C@H](C)NC(c2nn(C)cc2C(O)=O)=O)cc1,315.373,2.7327000000000004,86.57950000000004,84.22,4,2,5
CCn(cc1)nc1NC(C[C@@H](CC(O)=O)c1cccs1)=O,307.375,2.5516000000000005,80.46050000000004,84.22,5,2,7
CC[C@H](C)n1cnc(S(Nc2cc(O)c(C)cc2)(=O)=O)c1,309.3910000000001,2.668920000000001,80.88130000000004,84.22,5,2,5
CC(C)(C)n1nnc(/C=C/c2ncc(/C=C/C(O)=O)s2)c1,304.37500000000006,2.7578000000000005,82.72980000000004,80.9,6,1,4
OC([C@@H](CCC1)CN1C(c1cccn1Cc1cccs1)=O)=O,318.3980000000001,2.534700000000001,84.11630000000005,62.54,4,1,4
CC(C)(C)OC(N(CC[C@H]1c2ncccc2)C[C@H]1C(O)=O)=O,306.3620000000001,2.5068,80.52780000000006,79.73,4,1,2
CC(C)(C)OC(N(CC[C@H]1c2cnccc2)C[C@@H]1C(O)=O)=O,306.3620000000001,2.5068,80.52780000000006,79.73,4,1,2
CC(C)(C)OC(N(CC[C@H]1c2ncccc2)C[C@@H]1C(O)=O)=O,306.3620000000001,2.5068,80.52780000000006,79.73,4,1,2
C[C@H](C(N1)=NC(C)=CC1=O)N(CC1)CCC1C(OC(C)(C)C)=O,321.42100000000005,2.1930199999999997,88.15170000000005,75.28999999999999,5,1,3
C[C@@H](C(N1)=NC(C)=CC1=O)N(CC1)CCC1C(OC(C)(C)C)=O,321.42100000000005,2.1930199999999997,88.15170000000005,75.28999999999999,5,1,3
C[C@H](CC1)C[C@@H](c2ccco2)N1C(c(cc1)cnc1C(O)=O)=O,314.34100000000007,2.986200000000001,82.07980000000003,83.63999999999999,4,1,3
OC(c(cc1)ncc1C(N(CCC1)[C@H]1c1cccs1)=O)=O,302.355,2.818600000000001,78.52680000000004,70.5,4,1,3
OC(c(cc1)ncc1C(N(CCC1)[C@@H]1c1cscc1)=O)=O,302.355,2.818600000000001,78.52680000000004,70.5,4,1,3
OC(c(cc1)ncc1C(N(CCC1)[C@H]1c1cscc1)=O)=O,302.355,2.818600000000001,78.52680000000004,70.5,4,1,3
OC(c(cc1)ncc1C(N(CCC1)[C@@H]1c1cccs1)=O)=O,302.355,2.818600000000001,78.52680000000004,70.5,4,1,3
OC(c(cc1)ccc1C(N1C[C@H](c2cccs2)OCC1)=O)=O,317.3660000000001,2.660000000000001,82.31680000000006,66.84,4,1,3
COc(cc1)cc(NC([C@H](CCCC2)[C@@H]2C(O)=O)=O)c1OC,307.346,2.5333000000000006,81.25950000000005,84.86,4,2,5
OC([C@H](CCC1)N1C(c1nccc(Oc2ccccc2)c1)=O)=O,312.32500000000005,2.5631000000000004,82.44730000000006,79.73,4,1,4
OC([C@@H](CCC1)N1C(c1nccc(Oc2ccccc2)c1)=O)=O,312.32500000000005,2.5631000000000004,82.44730000000006,79.73,4,1,4
OC([C@@H](CCC1)N1C(c(cc1)ccc1Oc1cnccc1)=O)=O,312.3250000000001,2.5631000000000004,82.44730000000006,79.73,4,1,4
Cc1nc(cc(cc2)NC([C@H](CC=CC3)[C@H]3C(O)=O)=O)c2o1,300.314,2.741720000000001,80.36550000000003,92.43,4,2,3
Cc1nc(cc(cc2)NC([C@@H](CC=CC3)[C@@H]3C(O)=O)=O)c2o1,300.314,2.741720000000001,80.36550000000003,92.43,4,2,3
Cc1nc(cc(cc2)NC([C@H](CC=CC3)[C@@H]3C(O)=O)=O)c2o1,300.314,2.741720000000001,80.36550000000003,92.43,4,2,3
Cn1nc(C(C(F)(F)F)(F)F)c(C(F)(F)F)c1C(O)=O,312.116,2.791200000000001,45.118300000000005,55.12,3,1,2
CO[C@H](C[C@H]1CC(O)=O)CN1C(c(cc1)cc2c1scc2)=O,319.382,2.6055,84.31630000000006,66.84,4,1,4
CC(C)c1ccc([C@@H](C)NC(c2nn(C)cc2C(O)=O)=O)cc1,315.373,2.7327000000000004,86.57950000000004,84.22,4,2,5
OC(CCS[C@H](C(N1CCCCC1)=O)c1ccccc1)=O,307.41499999999996,2.948100000000001,84.32480000000005,57.61,3,1,6
OC(CCS[C@@H](C(N1CCCCC1)=O)c1ccccc1)=O,307.41499999999996,2.948100000000001,84.32480000000005,57.61,3,1,6
Cc1nc(cc(cc2)NC([C@@H](CC=CC3)[C@H]3C(O)=O)=O)c2o1,300.314,2.741720000000001,80.36550000000003,92.43,4,2,3
CC(C)(C)OC(N[C@@H](Cc1cn(C)c2c1cccc2)C(O)=O)=O,318.37300000000005,2.6987000000000005,87.41650000000006,80.56,4,2,4
CCc(sc([C@H]1SC[C@@H](C(O)=O)N1)c1)c1Br,322.24899999999997,2.8612,71.15550000000002,49.33,4,2,3
CCc(sc([C@H]1SC[C@H](C(O)=O)N1)c1)c1Br,322.24899999999997,2.8612,71.15550000000002,49.33,4,2,3
CCc(sc([C@@H]1SC[C@@H](C(O)=O)N1)c1)c1Br,322.24899999999997,2.8612,71.15550000000002,49.33,4,2,3
CCc(sc([C@@H]1SC[C@H](C(O)=O)N1)c1)c1Br,322.24899999999997,2.8612,71.15550000000002,49.33,4,2,3
CC(C)(C)OC(N1C[C@H](c(cc2)ccc2C(O)=O)OCC1)=O,307.3460000000001,2.693200000000001,79.90130000000005,76.07,4,1,2
C[C@@H](CN(C1CC1)C([C@H]1c(cccc2)c2SC1)=O)C(O)=O,305.39900000000006,2.5876,81.44180000000004,57.61000000000001,3,1,5
CCOc(cc(cc1)NC([C@H](CC=CC2)[C@H]2C(O)=O)=O)c1OC,319.3570000000001,2.6994000000000007,85.78250000000004,84.86,4,2,6
CCOc(cc(cc1)NC([C@@H](CC=CC2)[C@@H]2C(O)=O)=O)c1OC,319.3570000000001,2.6994000000000007,85.78250000000004,84.86,4,2,6
CCOc(cc(cc1)NC([C@H](CC=CC2)[C@@H]2C(O)=O)=O)c1OC,319.3570000000001,2.6994000000000007,85.78250000000004,84.86,4,2,6
CCOc(cc(cc1)NC([C@@H](CC=CC2)[C@H]2C(O)=O)=O)c1OC,319.3570000000001,2.6994000000000007,85.78250000000004,84.86,4,2,6
CCn1ncc(C(/C=C\c2cc(O[C@@H](C)C(O)=O)ccc2)=O)c1,314.341,2.6510000000000007,85.43330000000005,81.41999999999999,5,1,7
CCn1ncc(C(/C=C\c2cc(O[C@H](C)C(O)=O)ccc2)=O)c1,314.341,2.6510000000000007,85.43330000000005,81.41999999999999,5,1,7
CC(C)(C)n1ncc(C(NCc2ccc(C(O)=O)s2)=O)c1C,321.40200000000004,2.6362200000000007,84.40850000000005,84.22,5,2,4
CC(C)N(Cc1cccs1)C(c1nccc(C(O)=O)c1)=O,304.37100000000004,2.892100000000001,80.52480000000004,70.5,4,1,5
CCSCCN(c(cc(cc1)C(O)=O)c1N1CC2CC2)C1=O,320.4140000000001,2.664300000000001,88.88030000000005,64.23,5,1,7
CSCc(cc(cc1)C(N(CCCC2)[C@@H]2C(O)=O)=O)c1F,311.378,2.7680000000000007,79.93030000000003,57.61,3,1,4
CC(C)n(c(C)c1)nc1NC(Cc(cccc1)c1C(O)=O)=O,301.346,2.65182,83.08400000000003,84.22,4,2,5
CC(C)OCC[C@H](CCCC1)N1C(c1cccc(C(O)=O)n1)=O,320.38900000000007,2.589600000000001,85.57680000000005,79.73,4,1,6
CC(C)n1ncc(C(Nc2c(CC(O)=O)cccc2)=O)c1C,301.34600000000006,2.6518200000000007,83.08400000000003,84.22,4,2,5
CCC(CC)([C@H](C1)N(C)C(c2cc(C(O)=O)co2)=O)[C@H]1OC,309.362,2.6435000000000013,79.97780000000004,79.98,4,1,6
CC(C)c1nn(C)c(C(Nc2cc(C(O)=O)c(C)cc2)=O)c1,301.346,2.8024200000000015,83.38850000000004,84.22,4,2,4
CCn1ncc(C(Nc2ccc(C(C)(C)C(O)=O)cc2)=O)c1,301.346,2.5175,82.95800000000004,84.22,4,2,5
CC(C)c1nn(C)c(C(Nc(ccc(C(O)=O)c2)c2OC)=O)c1,317.3450000000001,2.502600000000001,85.20350000000005,93.45000000000002,5,2,5
CCC(CC)([C@@H](C1)N(C)C(c2cc(C(O)=O)co2)=O)[C@H]1OC,309.362,2.6435000000000013,79.97780000000004,79.98,4,1,6
CC(C)(C)OC(N1C[C@@H](c(cc2)ccc2C(O)=O)OCC1)=O,307.3460000000001,2.693200000000001,79.90130000000005,76.07,4,1,2
CCC(CC)([C@H](C1)N(C)C(c2ccc(C(O)=O)o2)=O)[C@H]1OC,309.362,2.6435000000000004,79.97780000000004,79.98,4,1,6
CCC(CC)([C@@H](C1)N(C)C(c2ccc(C(O)=O)o2)=O)[C@@H]1OC,309.362,2.6435000000000004,79.97780000000004,79.98,4,1,6
CCC(CC)([C@@H](C1)N(C)C(c2ccc(C(O)=O)o2)=O)[C@H]1OC,309.362,2.6435000000000004,79.97780000000004,79.98,4,1,6
CO[C@H](C[C@@H]1CC(O)=O)CN1C(c(cc1)cc2c1scc2)=O,319.382,2.6055,84.31630000000006,66.84,4,1,4
CO[C@@H](C[C@H]1CC(O)=O)CN1C(c(cc1)cc2c1scc2)=O,319.382,2.6055,84.31630000000006,66.84,4,1,4
CC(C)(C)OC(N[C@@H]1C[C@](C2)(C[C@@H]2C(O)=O)SCC1)=O,301.4080000000001,2.6401000000000003,77.94050000000006,75.63,4,2,2
CC(C)(C)OC(N[C@H]1C[C@](C2)(C[C@@H]2C(O)=O)SCC1)=O,301.4080000000001,2.6401000000000003,77.94050000000006,75.63,4,2,2
CO[C@@H](C[C@@H]1CC(O)=O)CN1C(c(cc1)cc2c1scc2)=O,319.382,2.6055,84.31630000000006,66.84,4,1,4
CC(C)(C)OC(N[C@H](CC[C@H]1C(O)=O)C[C@@H]1C(F)(F)F)=O,311.29999999999995,2.9429000000000007,67.67950000000003,75.63,3,2,2
CC(C)(C)OC(N[C@H](CC[C@@H]1C(O)=O)C[C@@H]1C(F)(F)F)=O,311.29999999999995,2.9429000000000007,67.67950000000003,75.63,3,2,2
CC(C)(C)OC(N[C@H](CC[C@H]1C(O)=O)C[C@H]1C(F)(F)F)=O,311.29999999999995,2.9429000000000007,67.67950000000003,75.63,3,2,2
CC(C)(C)OC(N[C@H](CC[C@@H]1C(O)=O)C[C@H]1C(F)(F)F)=O,311.29999999999995,2.9429000000000007,67.67950000000003,75.63,3,2,2
C[C@H]([C@H](C(O)=O)NC(OCc1ccccc1)=O)OC(C)(C)C,309.3620000000001,2.5696000000000003,81.48650000000006,84.86,4,2,6
CC(C)(C)OC(N(CC1)CC=C1C(C=C1C(O)=O)=CNC1=O)=O,320.345,2.0973,84.42300000000003,99.69999999999999,4,2,2
CC[C@@H](C)n1cnc(S(Nc2cc(O)c(C)cc2)(=O)=O)c1,309.3910000000001,2.668920000000001,80.88130000000004,84.22,5,2,5
CC(C)c1cc(C(N[C@@H](CC(O)=O)c2cccs2)=O)nn1C,321.40200000000004,2.5508000000000006,84.07600000000004,84.22,5,2,6
CC(C)c1nn(C)c(C(N[C@H](CC(O)=O)c2cccs2)=O)c1,321.40200000000004,2.5508000000000006,84.07600000000005,84.22,5,2,6
CC(C)c1nn(C)c(C(N[C@@H](CC(O)=O)c2cccs2)=O)c1,321.40200000000004,2.5508000000000006,84.07600000000005,84.22,5,2,6
CC(c1cccc([C@H](C(O)=O)N(C)Cc2nccs2)c1F)=O,322.361,2.7425000000000015,80.36230000000003,70.5,5,1,6
CC(C)(C)n(c(C)c1)nc1C(N[C@@H](C(O)=O)c1ccccc1)=O,315.37300000000005,2.502220000000001,86.24500000000005,84.22,4,2,4
Cc(cc1)ccc1-c1c(C(N(CC2)CCC2C(O)=O)=O)nco1,314.34099999999995,2.5868200000000003,82.93930000000003,83.64,4,1,3
CCC(CC)([C@H](C1)N(C)C(c2cc(C(O)=O)co2)=O)[C@@H]1OC,309.362,2.6435000000000013,79.97780000000004,79.98,4,1,6
CCC(CC)([C@H](C1)N(C)C(c2ccc(C(O)=O)o2)=O)[C@@H]1OC,309.362,2.6435000000000004,79.97780000000004,79.98,4,1,6
COc1cc(C(O)=O)cc(C(N2C[C@@H](CSC)CCC2)=O)c1,323.4140000000001,2.608600000000001,86.96280000000004,66.84,4,1,5
COc1cc(C(O)=O)cc(C(N2C[C@H](CSC)CCC2)=O)c1,323.4140000000001,2.608600000000001,86.96280000000004,66.84,4,1,5
C[C@H](CN(C1CC1)C([C@H]1c(cccc2)c2SC1)=O)C(O)=O,305.39900000000006,2.5876,81.44180000000004,57.61000000000001,3,1,5
CC(C)OCC[C@@H](CCCC1)N1C(c1cccc(C(O)=O)n1)=O,320.38900000000007,2.589600000000001,85.57680000000005,79.73,4,1,6
CC(c1cccc(-n2c(SCC(O)=O)nnc2C2CC2)c1)=O,317.37000000000006,2.524000000000001,81.69830000000005,85.08000000000001,6,1,6
C[C@@H](c1c(CC2)scc1)N2C(c1nccc(C(O)=O)c1)=O,302.3550000000001,2.6008000000000004,78.67080000000003,70.5,4,1,2
C[C@H](c1c(CC2)scc1)N2C(c1nccc(C(O)=O)c1)=O,302.3550000000001,2.6008000000000004,78.67080000000003,70.5,4,1,2
OC(c1cc(C(N(CCC2)[C@@H]2c2cccs2)=O)ncc1)=O,302.355,2.818600000000001,78.52680000000004,70.5,4,1,3
CCC(CC)([C@@H](C1)N(C)C(c2cc(C(O)=O)co2)=O)[C@@H]1OC,309.362,2.6435000000000013,79.97780000000004,79.98,4,1,6
OC(c1cc(C(N(CCC2)[C@H]2c2cccs2)=O)ncc1)=O,302.355,2.818600000000001,78.52680000000004,70.5,4,1,3
COc(cc1)cc(OC)c1NC([C@@H](CCCC1)[C@@H]1C(O)=O)=O,307.346,2.5332999999999997,81.25950000000003,84.85999999999999,4,2,5
Cc(cc1)ccc1-c1c(C(N(CCC2)C[C@H]2C(O)=O)=O)nco1,314.34099999999995,2.5868200000000003,82.93930000000003,83.64,4,1,3
Cc(cc1)ccc1-c1c(C(N(CCC2)C[C@@H]2C(O)=O)=O)nco1,314.34099999999995,2.5868200000000003,82.93930000000003,83.64,4,1,3
COc(cc1)cc(NC([C@H](CCCC2)[C@H]2C(O)=O)=O)c1OC,307.346,2.5333000000000006,81.25950000000005,84.86,4,2,5
COc(cc1)cc(NC([C@@H](CCCC2)[C@H]2C(O)=O)=O)c1OC,307.346,2.5333000000000006,81.25950000000005,84.86,4,2,5
CC[C@@H](CCC(Nc(cc1)nn1-c1ccccc1)=O)C(O)=O,301.3460000000001,2.7018000000000004,82.84450000000004,84.22,4,2,7
CC[C@H](CCC(Nc(cc1)nn1-c1ccccc1)=O)C(O)=O,301.3460000000001,2.7018000000000004,82.84450000000004,84.22,4,2,7
CCOC(c(cc1)ccc1NC([C@H](CCCC1)[C@H]1C(O)=O)=O)=O,319.35699999999997,2.692800000000001,84.11200000000004,92.69999999999999,4,2,5
COc(cc1)cc(OC)c1NC([C@@H](CCCC1)[C@H]1C(O)=O)=O,307.346,2.5332999999999997,81.25950000000003,84.85999999999999,4,2,5
COc(cc1)cc(OC)c1NC([C@H](CCCC1)[C@@H]1C(O)=O)=O,307.346,2.5332999999999997,81.25950000000003,84.85999999999999,4,2,5
COc(ccc(NC([C@H](CCCC1)[C@H]1C(O)=O)=O)c1)c1OC,307.346,2.5333000000000006,81.25950000000005,84.86,4,2,5
CC(C)c1cc(C(N[C@H](CC(O)=O)c2cccs2)=O)nn1C,321.40200000000004,2.5508000000000006,84.07600000000004,84.22,5,2,6
CC(C)c1cc(C(Nc(cc(cc2)C(O)=O)c2F)=O)nn1C,305.309,2.6331000000000007,78.60950000000003,84.22,4,2,4
C[C@@H]([C@H](C(O)=O)NC(OC(C)(C)C)=O)OCc1ccccc1,309.36199999999997,2.5696000000000003,81.48650000000006,84.86,4,2,6
C[C@H]([C@@H](C(O)=O)NC(OC(C)(C)C)=O)OCc1ccccc1,309.36199999999997,2.5696000000000003,81.48650000000006,84.86,4,2,6
CCn(cc1)nc1NC(C[C@H](CC(O)=O)c1cccs1)=O,307.375,2.5516000000000005,80.46050000000004,84.22,5,2,7
CC(C)(C)OC(NOC(CC(O)=O)(CC1)CCC1(F)F)=O,309.3089999999999,2.865500000000001,68.85350000000004,84.85999999999999,4,2,4
CC(C)(C)OC(N[C@@H](CC(O)=O)c(cc1)cnc1Cl)=O,300.742,2.7755,73.61050000000004,88.51999999999998,4,2,4
C[C@@H]([C@H](C(O)=O)NC(OCc1ccccc1)=O)OC(C)(C)C,309.3620000000001,2.5696000000000003,81.48650000000006,84.86,4,2,6
CC(C)(C)OC(NCCn(cc1)c2c1ccc(C(O)=O)c2)=O,304.34600000000006,2.8642000000000003,83.13400000000004,80.56,4,2,4
CC(C)(C)OC(N[C@H](Cc1cn(C)c2c1cccc2)C(O)=O)=O,318.37300000000005,2.6987000000000005,87.41650000000006,80.56,4,2,4
C[C@@H]([C@@H](C(O)=O)NC(OCc1ccccc1)=O)OC(C)(C)C,309.3620000000001,2.5696000000000003,81.48650000000006,84.86,4,2,6
C[C@H]([C@@H](C(O)=O)NC(OCc1ccccc1)=O)OC(C)(C)C,309.3620000000001,2.5696000000000003,81.48650000000006,84.86,4,2,6
CSCC[C@@H](CO)n1c(-c(cccc2)c2C(O)=O)ncc1,306.387,2.5347999999999997,83.74410000000003,75.35,5,2,7
CCSCc(cc1)ccc1C(N(CC1)C[C@@]1(C)C(O)=O)=O,307.415,2.876500000000001,84.54130000000005,57.61,3,1,5
CCSCc(cc1)ccc1C(N(CC1)C[C@]1(C)C(O)=O)=O,307.415,2.876500000000001,84.54130000000005,57.61,3,1,5
Cc1ccc([C@@H](CCC2)N2C(c(cc2)cnc2C(O)=O)=O)o1,300.3140000000001,2.65852,77.65280000000003,83.64,4,1,3
C[NH+](C)CCN(CC1)CCC1[NH2+][C@@H](CCC1)c2c1scc2,309.52299999999997,0.2978000000000032,89.06310000000006,24.29,2,2,5
C[NH+](C)CCN(CC1)CCC1[NH2+][C@H](CCC1)c2c1scc2,309.52299999999997,0.2978000000000032,89.06310000000006,24.29,2,2,5
CC(C)C(CC1)CCN1C(C(C(SC)=N1)=C(C)NC1=O)=O,309.43500000000006,2.30842,84.84120000000003,66.06,4,1,3
CC(C)N(C[C@@H]1[N@H+](Cc2ccccc2)CCCC1)C([C@H](C)[NH3+])=O,319.49300000000005,0.49140000000000245,92.81380000000006,52.39,1,2,6
CC(C)[N@@H+](C[C@@H](CCCC1)N1C([C@H](C)[NH3+])=O)Cc1ccccc1,319.493,0.4914000000000041,92.81380000000006,52.39,1,2,6
CC(C)[N@@H+](C[C@H](CCCC1)N1C([C@H](C)[NH3+])=O)Cc1ccccc1,319.493,0.4914000000000041,92.81380000000006,52.39,1,2,6
CC(C)N(C[C@H]1[N@H+](Cc2ccccc2)CCCC1)C([C@H](C)[NH3+])=O,319.49300000000005,0.49140000000000245,92.81380000000006,52.39,1,2,6
CCOC([C@@H](C[NH3+])[C@@]1([C@@](C)(CC2)C(C)(C)[C@@H]2C1)[NH+]1CCCC1)=O,324.5090000000001,0.6713000000000022,89.76880000000006,58.38,2,2,5
CCOC([C@@H](C[NH3+])[C@]1([C@@](C)(CC2)C(C)(C)[C@@H]2C1)[NH+]1CCCC1)=O,324.5090000000001,0.6713000000000022,89.76880000000006,58.38,2,2,5
CCOC([C@H](C[NH3+])[C@@]1([C@@](C)(CC2)C(C)(C)[C@@H]2C1)[NH+]1CCCC1)=O,324.5090000000001,0.6713000000000022,89.76880000000006,58.38,2,2,5
CCOC([C@H](C[NH3+])[C@]1([C@@](C)(CC2)C(C)(C)[C@@H]2C1)[NH+]1CCCC1)=O,324.5090000000001,0.6713000000000022,89.76880000000006,58.38,2,2,5
CC(C)[N@@H+](C)C[C@H]1OC[C@H]2[C@@H]1C[N@@H+](Cc1csc(C)n1)CC2,325.5220000000001,-0.2055799999999952,89.47840000000005,31.000000000000004,3,2,5
OC(/C=C\C(N(c1ccccc1)c(cccc1)c1C(O)=O)=O)=O,311.29300000000006,2.6903000000000006,83.76510000000006,94.91,3,2,5
CC(C[C@H]1C(O)=O)=C(C)C[C@]1(C(O)=O)c(cc1)ccc1OC,304.34200000000004,2.848600000000001,81.04160000000006,83.83,3,2,4
CC(C[C@@H]1C(O)=O)=C(C)C[C@]1(C(O)=O)c(cc1)ccc1OC,304.34200000000004,2.848600000000001,81.04160000000006,83.83,3,2,4
CC(C[C@@H]1C(O)=O)=C(C)C[C@@]1(C(O)=O)c(cc1)ccc1OC,304.34200000000004,2.848600000000001,81.04160000000006,83.83,3,2,4
CC(C[C@H]1C(O)=O)=C(C)C[C@@]1(C(O)=O)c(cc1)ccc1OC,304.34200000000004,2.848600000000001,81.04160000000006,83.83,3,2,4
CC(CCC(O)=O)(CCC(O)=O)C(c(cc1)ccc1OC)=O,308.3300000000001,2.6138000000000012,79.17110000000005,100.9,4,2,9
C1[C@H]([C@@H]([C@H]2N3CCCCC3)[NH2+]C3CSCCSC3)[C@H]2OC1,329.55500000000006,1.040200000000001,91.21040000000006,29.080000000000002,4,1,3
CC[C@@H](C(N[C@H](CC1)CC[N@@H+]1C1CCSCC1)=O)[N@H+](C)CC,329.55400000000003,-0.6412999999999953,93.71510000000006,37.98,2,3,6
CC[C@H](C(N[C@H](CC1)CC[N@@H+]1C1CCSCC1)=O)[N@H+](C)CC,329.55400000000003,-0.6412999999999953,93.71510000000006,37.98,2,3,6
CN([C@H](C1)C[C@@H](C2)[C@H]1C[C@@H]2[NH+](C)C)C(c1ccc(CC[NH3+])cc1)=O,331.50400000000013,0.24470000000000408,95.82930000000006,52.39,1,2,5
CCOC([C@H]1CC[N@H+](C[C@H](COc2cccc(Cl)c2)O)CC1)=O,342.84300000000013,0.9377000000000002,87.87450000000004,60.2,4,2,7
CCOC([C@H]1CC[N@H+](C[C@@H](COc2cccc(Cl)c2)O)CC1)=O,342.84300000000013,0.9377000000000002,87.87450000000004,60.2,4,2,7
[NH3+][C@H](C(N(CC1)CCC1OC[C@H]1OCCCC1)=O)c1ccccc1,333.452,1.5463000000000005,91.21610000000005,66.41,3,1,5
[NH3+][C@@H](C(N(CC1)CCC1OC[C@@H]1OCCCC1)=O)c1ccccc1,333.452,1.5463000000000005,91.21610000000005,66.41,3,1,5
[NH3+][C@H](C(N(CC1)CCC1OC[C@@H]1OCCCC1)=O)c1ccccc1,333.452,1.5463000000000005,91.21610000000005,66.41,3,1,5
[NH3+][C@@H](C(N(CC1)CCC1OC[C@H]1OCCCC1)=O)c1ccccc1,333.452,1.5463000000000005,91.21610000000005,66.41,3,1,5
C[C@H](CC[N@H+](CC1)CC[C@]1(CC1)CN(CCOC)C1=O)SC,329.53,1.0619000000000005,92.51470000000006,33.980000000000004,3,1,7
COc1cccc([C@H](C2)[C@H]3[N@H+](CC4)CC[C@H]4[C@H]3N2C(CSC)=O)c1,347.5040000000001,1.0297000000000003,96.82670000000006,33.980000000000004,3,1,4
COc1cccc([C@@H](C2)[C@H]3[N@H+](CC4)CC[C@H]4[C@H]3N2C(CSC)=O)c1,347.5040000000001,1.0297000000000003,96.82670000000006,33.980000000000004,3,1,4
Cc1nc(ccc(S(N(CCC2)CC[C@H]2[NH3+])(=O)=O)c2)c2s1,326.467,1.38982,83.64290000000004,77.91,4,1,2
Cc1nc(ccc(S(N(CCC2)CC[C@@H]2[NH3+])(=O)=O)c2)c2s1,326.467,1.38982,83.64290000000004,77.91,4,1,2
CCC[C@@H](CN(C1)c2cncc(C(N3CCCCC3)=O)n2)[C@H]1[NH+](C)C,346.499,0.8521000000000014,98.99620000000007,53.77,4,1,5
CC(C)(C)OC(N[C@@H](C[N@@H+](Cc1ccccc1)C1)[C@@H]1C(OC)=O)=O,335.4240000000001,0.7676000000000016,89.50640000000006,69.07,4,2,4
CC(C)(C)OC(N[C@H](C[N@@H+](Cc1ccccc1)C1)[C@@H]1C(OC)=O)=O,335.4240000000001,0.7676000000000016,89.50640000000006,69.07,4,2,4
C[C@@H](CCCC1)[N@H+]1C(C1)CN1C(CCc1c(CCCC2)c2n[nH]1)=O,331.48400000000004,0.8892000000000013,93.06140000000005,53.43,2,2,4
COc1c([C@@H](C2)[C@H]3[N@H+](CC4)CC[C@H]4[C@H]3N2C(CSC)=O)cccc1,347.504,1.0297000000000012,96.82670000000005,33.980000000000004,3,1,4
Cc(cc1)cc(OC)c1C(N(CC1)C[C@@H](CCCO)[C@H]1[NH+](C)C)=O,335.46799999999996,0.7513200000000014,94.66000000000005,54.21,3,2,6
C[C@H]1O[C@@H](C)CN(C[C@H]2[C@@H](CO)C[N@@H+](Cc3ccc(C)s3)C2)C1,339.52500000000015,0.7889200000000005,93.97150000000006,37.14,4,2,5
CC[N@H+](C)C[C@H](C1)[C@@H](CO)CN1C(c1c(C)nc(C(C)C)s1)=O,340.51300000000003,0.7900200000000006,93.20400000000005,57.870000000000005,4,2,6
CC(C)CCN(CC1)[C@@H](CCO)C[N@@H+]1C1CSCCSC1,333.5870000000001,0.8326000000000016,95.65350000000007,27.91,4,2,6
CN(C)C(CN1C[C@@H](CC2)[N@H+](CCSc3ccccc3)C[C@@H]2C1)=O,348.5360000000001,0.8460000000000014,99.50870000000008,27.990000000000002,3,1,6
COC([C@H](CCC1)C[N@@H+]1[C@@H](CC1)CN1C(OCc1ccccc1)=O)=O,347.435,0.8654000000000015,92.04170000000006,60.28000000000001,4,1,4
COC([C@@H](CCC1)C[N@@H+]1[C@H](CC1)CN1C(OCc1ccccc1)=O)=O,347.435,0.8654000000000015,92.04170000000006,60.28000000000001,4,1,4
COC([C@H](CCC1)C[N@@H+]1[C@H](CC1)CN1C(OCc1ccccc1)=O)=O,347.435,0.8654000000000015,92.04170000000006,60.28000000000001,4,1,4
COC([C@@H](CCC1)C[N@@H+]1[C@@H](CC1)CN1C(OCc1ccccc1)=O)=O,347.435,0.8654000000000015,92.04170000000006,60.28000000000001,4,1,4
C[NH+](C)C[C@@](CCC1)(CCN1C(C1=Cc(cccc2)c2OC=C1)=O)O,343.4470000000001,0.8642000000000007,97.24550000000006,54.21000000000001,3,2,3
C[C@@H](C[N@H+]1C[C@@H](C(N)=O)O[C@H](C)C1)c1cccc(Br)c1,342.257,0.7101000000000004,81.65010000000004,56.760000000000005,2,2,4
COc1ccc(C[N@H+](C[C@H](CC2)C3)C[C@@H]2N3C(CSC)=O)cc1,335.493,1.0639000000000003,94.00170000000006,33.980000000000004,3,1,5
CCOCCn1nc(C)cc1C(N(CC1)CCC1[C@@H](C)[NH+](C)C)=O,337.48800000000006,0.6132200000000028,94.35720000000006,51.8,4,1,7
CCOCCn1nc(C)cc1C(N(CC1)CCC1[C@H](C)[NH+](C)C)=O,337.48800000000006,0.6132200000000028,94.35720000000006,51.8,4,1,7
CC[N@H+](C)CC(N1C[C@H](CNC(C2CCCCCC2)=O)CCC1)=O,338.51600000000013,0.8462000000000018,95.80040000000007,53.85,2,2,6
CO[C@@H](C[C@H]1CC2)C[C@H]2N1C(c(cc(cc1)OC)c1OCCC[NH3+])=O,349.4510000000002,1.4880000000000004,93.87160000000006,75.64000000000001,4,1,7
CC(C)(C)OC(N(C[C@H]1CN(C2)C(OC(C)(C)C)=O)C[C@H]2[C@@H]1O)=O,342.43600000000004,2.0810999999999997,88.60080000000006,79.31,5,1,0
CC(C)(C)OC(N(C[C@H]1CN(C2)C(OC(C)(C)C)=O)C[C@H]2C1=O)=O,340.4200000000001,2.2893,87.60100000000006,76.15,5,0,0
CC(C)(C)OC([C@H]1C(C)=Nc2nnnn2[C@@H]1c(cc1)ccc1O)=O,329.36000000000007,2.0320000000000005,86.16680000000004,102.49000000000001,8,1,2
N=C1S[C@H](CS(C2)(=O)=O)[C@H]2N1c1cccc(Br)c1,347.259,2.10267,78.16850000000002,61.230000000000004,4,1,1
N=C1S[C@@H](CS(C2)(=O)=O)[C@H]2N1c1cccc(Br)c1,347.259,2.10267,78.16850000000002,61.230000000000004,4,1,1
N=C1S[C@H](CS(C2)(=O)=O)[C@@H]2N1c1cccc(Br)c1,347.259,2.10267,78.16850000000002,61.230000000000004,4,1,1
N=C1S[C@H](CS(C2)(=O)=O)[C@@H]2N1c(cc1)ccc1Br,347.259,2.10267,78.16850000000004,61.230000000000004,4,1,1
N=C1S[C@@H](CS(C2)(=O)=O)[C@@H]2N1c1cccc(Br)c1,347.259,2.10267,78.16850000000002,61.230000000000004,4,1,1
N=C1S[C@@H](CS(C2)(=O)=O)[C@@H]2N1c(cc1)ccc1Br,347.259,2.10267,78.16850000000004,61.230000000000004,4,1,1
CCCN([C@H](CC[C@H]1C2)CN2C(Cc2csc(C(C)=O)c2)=O)C1=O,348.4680000000001,2.3526000000000007,93.12350000000005,57.690000000000005,4,0,5
COc(ccc(Cl)c1)c1N([C@H](CS(C1)(=O)=O)[C@@H]1S1)C1=N,332.834,2.00217,82.03050000000005,70.46000000000001,5,1,2
CC(C)=CCN([C@H](CC[C@H]1C2)CN2C(c2csc(NC)n2)=O)C1=O,348.4720000000001,2.2140000000000004,95.22020000000006,65.53999999999999,5,1,4
CC(N(C[C@H](CC1)C2)C[C@@H]1N2S(c(s1)ccc1Cl)(=O)=O)=O,348.87700000000007,2.0329,81.98680000000004,57.690000000000005,4,0,2
C[C@@H](CO[C@H](C)C1)N1S(N(CCC1)[C@H]1c1cccs1)(=O)=O,330.475,2.239,83.50180000000005,49.85,4,0,3
CC(c(cc1)cc(CN(C(C(N2C3CCCC3)=O)=O)C2=O)c1OC)=O,344.3670000000001,2.1311999999999998,88.04650000000005,83.99000000000001,5,0,5
C[C@H](CC[C@@H](C1)C(N)=O)N1S(c(cc(C)c(F)c1)c1Cl)(=O)=O,348.8270000000001,2.0620199999999995,81.41920000000003,80.47,3,1,3
CC[C@@H](C)CC(Nc1nc(C[C@@H](CC2=O)C(N(C)C)=O)c2s1)=O,337.44500000000005,2.3511000000000006,89.65120000000003,79.37,5,1,5
C[C@H](Cn1nccc1)NC(C(CC1)CCN1C(c1cccs1)=O)=O,346.45599999999996,2.0016999999999996,92.77820000000006,67.23,5,1,5
C[C@@H](C(N1CCC(C)CC1)=O)OC(c1cc(NC(C)=O)ccc1)=O,332.40000000000003,2.4488000000000003,90.60120000000005,75.71000000000001,4,1,4
C[C@H](C(N1CCC(C)CC1)=O)OC(c1cc(NC(C)=O)ccc1)=O,332.40000000000003,2.4488000000000003,90.60120000000005,75.71000000000001,4,1,4
C[C@H](C(OC)=O)NC(N(CC1)CCC1c1nc(cccc2)c2o1)=O,331.372,2.2782999999999998,87.56670000000004,84.66999999999999,5,1,3
CC(C)[C@H](CN(C1)C(c2noc(C(C)C)c2)=O)[C@@H]1NC(N(C)C)=O,336.4360000000001,2.1658,90.83020000000005,78.68,4,1,4
C[C@H](C[C@H]1OC(C(CC2)CCN2C(Nc2ccccc2)=O)=O)OC1=O,346.3830000000001,2.1776999999999997,89.80870000000006,84.94,5,1,3
C[C@@H](C[C@H]1OC(C(CC2)CCN2C(Nc2ccccc2)=O)=O)OC1=O,346.3830000000001,2.1776999999999997,89.80870000000006,84.94,5,1,3
C[C@@H](C[C@@H]1OC(C(CC2)CCN2C(Nc2ccccc2)=O)=O)OC1=O,346.3830000000001,2.1776999999999997,89.80870000000006,84.94,5,1,3
C[C@H](C[C@@H]1OC(C(CC2)CCN2C(Nc2ccccc2)=O)=O)OC1=O,346.3830000000001,2.1776999999999997,89.80870000000006,84.94,5,1,3
CC[C@H](C(Nc(cc1)cc(C(N(C)C)=O)c1OC)=O)n1nccc1,330.388,2.1833,91.19620000000003,76.46000000000001,5,1,6
C[C@@H]([C@H]([C@@H]1C(OC)=O)C(C)(C)OC1=O)C(c(cc1)ccc1OC)=O,334.36800000000005,2.2548000000000004,85.65550000000005,78.9,6,0,5
C[C@H]([C@H]([C@@H]1C(OC)=O)C(C)(C)OC1=O)C(c(cc1)ccc1OC)=O,334.36800000000005,2.2548000000000004,85.65550000000005,78.9,6,0,5
CC[C@@H](C(Nc(cc1)cc(C(N(C)C)=O)c1OC)=O)n1nccc1,330.388,2.1833,91.19620000000003,76.46000000000001,5,1,6
CC(C)(C)NS(c(cc(cc1)C(O)=O)c1Br)(=O)=O,336.20700000000005,2.2241,71.17580000000002,83.47,3,2,3
CC(C)(C)OC(N(CC1)CCN1C(c(cccc1)c1C(O)=O)=O)=O,334.3720000000001,2.0776999999999997,87.11180000000004,87.15,4,1,2
CC(C)Oc1c([C@H](C2)n3ncnc3N=C2C(O)=O)cccc1OC,330.34400000000005,2.2241,86.26680000000003,98.83,7,1,5
CC(c(cc1OCOc1c1)c1NC([C@@H](CC=CC1)[C@@H]1C(O)=O)=O)=O,331.32400000000007,2.2234,84.18900000000005,101.92999999999998,5,2,4
CC(c(cc1OCOc1c1)c1NC([C@@H](CC=CC1)[C@H]1C(O)=O)=O)=O,331.32400000000007,2.2234,84.18900000000005,101.92999999999998,5,2,4
CC(c(cc1OCOc1c1)c1NC([C@H](CC=CC1)[C@@H]1C(O)=O)=O)=O,331.32400000000007,2.2234,84.18900000000005,101.92999999999998,5,2,4
CC(c(cc1OCOc1c1)c1NC([C@H](CC=CC1)[C@H]1C(O)=O)=O)=O,331.32400000000007,2.2234,84.18900000000005,101.92999999999998,5,2,4
CCC[C@@H](C(O)=O)NC(c1cc(c(OC)cc(OC)c2)c2n1C)=O,334.37200000000007,2.1785999999999994,89.82100000000007,89.78999999999999,5,2,7
CCN(C(C([C@H](c1c(CC2)cccc1)N2C(C)=O)=C(N1)O)=O)C1=S,345.42400000000004,2.12539,92.60150000000002,78.33000000000001,5,2,2
CCOC(C1=CNN(C(CC2)CCN2C(c2cscc2)=O)C1=N)=O,348.428,2.01117,89.08740000000004,91.18,6,2,4
CCOCCN(c(ncc(C(O)=O)c1)c1N1CCC=C(C)C)C1=O,333.3880000000001,2.2890000000000006,91.49330000000005,86.35,6,1,8
CCOc(cc1)c(C)cc1C(CCC(N(CCC1)[C@@H]1C(O)=O)=O)=O,333.384,2.43222,88.28330000000004,83.91,4,1,7
CCOc(ccc(C(N1[C@@H](CC(O)=O)COCC1)=O)c1)c1Cl,327.764,2.0544,80.51730000000003,76.07,4,1,5
CCOc(ccc(C(N1[C@H](CC(O)=O)COCC1)=O)c1)c1Cl,327.764,2.0544,80.51730000000003,76.07,4,1,5
CN(C=C(C=C1)C(N(CCC2)C[C@@H]2c(cc2)ccc2C(O)=O)=O)C1=O,340.3790000000001,2.1033,92.96280000000007,79.61,4,1,3
CN(C=C(C=C1)C(N(CCC2)C[C@H]2c(cc2)ccc2C(O)=O)=O)C1=O,340.3790000000001,2.1033,92.96280000000007,79.61,4,1,3
CN(C=C(C=C1)C(N(CCC2)C[C@H]2c2cc(C(O)=O)ccc2)=O)C1=O,340.3790000000001,2.1033,92.96280000000006,79.61,4,1,3
COC(CCC(Nc(ccc(Br)c1)c1C(O)=O)=O)=O,330.13400000000007,2.039,70.98100000000002,92.69999999999999,4,2,5
COc1cc(OC)c(/C=C(/C(N2CCC(O)=O)=O)\SC2=O)cc1,337.353,2.2148000000000003,84.47580000000002,93.14000000000001,6,1,6
COc1ccc([C@@H](C2)n3nc(C(F)(F)F)nc3N=C2C(O)=O)cc1,340.261,2.4557,75.5048,89.6,6,1,3
COc1ccc([C@H](C2)n3nc(C(F)(F)F)nc3N=C2C(O)=O)cc1,340.261,2.4557,75.5048,89.6,6,1,3
CS(c(cc1)ccc1NC(CC1(CCCC1)C(O)=O)=O)(=O)=O,325.38599999999997,2.0637,81.33530000000005,100.53999999999999,4,2,5
CSCCC(N(CC1)CCC1(C(O)=O)Oc(cccc1)c1F)=O,341.404,2.4034000000000004,86.20780000000005,66.84,4,1,6
C[C@@H](C(N(C1(C)C)c(cccc2)c2NC1=O)=O)S[C@H](C)C(O)=O,336.41300000000007,2.3451,90.78750000000005,86.71000000000001,4,2,4
C[C@@](CC[C@@H]([C@@H]1CC(O)=O)c(cc2)ccc2OC)(C(OC)=O)C1=O,334.3680000000001,2.4119,85.84180000000005,89.9,5,1,5
C[C@H](C(N(C1(C)C)c(cccc2)c2NC1=O)=O)S[C@@H](C)C(O)=O,336.41300000000007,2.3451,90.78750000000005,86.71000000000001,4,2,4
C[C@H](C(N(C1(C)C)c(cccc2)c2NC1=O)=O)S[C@H](C)C(O)=O,336.41300000000007,2.3451,90.78750000000005,86.71000000000001,4,2,4
C[NH+](C)[C@@H]1[C@H](CCC(O)=O)CN(Cc2cccc(C(O)=O)c2)CC1,335.4240000000001,0.5846000000000016,90.25380000000007,82.28,3,3,7
Cc(c(NC(CC(N(CCC1)C[C@@H]1C(O)=O)=O)=O)ccc1)c1Cl,338.79099999999994,2.3002200000000004,86.37550000000003,86.71000000000001,3,2,4
Cc(c(NC(CC(N(CCC1)C[C@H]1C(O)=O)=O)=O)ccc1)c1Cl,338.79099999999994,2.3002200000000004,86.37550000000003,86.71000000000001,3,2,4
Cc(c(S(C)(=O)=O)c1)cc(N(CC2)CCC2C(O)=O)c1Cl,331.821,2.35292,81.87160000000004,74.68,4,1,3
Cc1c(C(N(CC2)CCC2(C(O)=O)Oc2ccccc2)=O)nco1,330.3400000000001,2.12142,83.81430000000005,92.87,5,1,4
Cc1c(C(N(CCC2)C[C@@H]2C(O)=O)=O)sc(-c2cnccc2)n1,331.39700000000005,2.4503200000000005,86.34530000000004,83.39,5,1,3
Cc1c(C(N(CCC2)C[C@@H]2c2ccnn2CC(O)=O)=O)sc(C)n1,348.4280000000001,2.06084,89.32930000000005,88.32000000000001,6,1,4
Cc1c(C(N(CCC2)C[C@H]2C(O)=O)=O)sc(-c2ncccc2)n1,331.39700000000005,2.4503200000000005,86.34530000000004,83.39,5,1,3
Cc1c(C(N(CCC2)C[C@H]2c2ccnn2CC(O)=O)=O)sc(C)n1,348.4280000000001,2.06084,89.32930000000005,88.32000000000001,6,1,4
Cc1cn(C(CC2)(CCN2C(/C=C/c2ccccc2)=O)C(O)=O)nc1,339.3950000000001,2.30722,93.86380000000005,75.43,4,1,4
Cc1nccn1C(CC1)(CCN1C(/C=C/c1ccccc1)=O)C(O)=O,339.3950000000001,2.30722,93.86380000000005,75.43,4,1,4
OC(C(CC1)(CCN1C(c1cc(cccc2)c2o1)=O)n1nccc1)=O,339.35100000000006,2.3453999999999997,89.18830000000004,88.57,5,1,3
OC(C(CC1)CCN1C(Cc1csc(-c2cnccc2)n1)=O)=O,331.39700000000005,2.0707999999999993,85.98880000000004,83.38999999999999,5,1,4
OC(C(CC1)CCN1C(Cc1csc(-c2ncccc2)n1)=O)=O,331.39700000000005,2.0707999999999993,85.98880000000004,83.38999999999999,5,1,4
OC(CCCn1ncc(NC(c(o2)ccc2Br)=O)c1)=O,342.14900000000006,2.3557000000000006,73.45800000000001,97.35999999999999,5,2,6
OC([C@@H](CC=CC1)[C@@H]1C(Nc(cc1)ncc1Br)=O)=O,325.16200000000003,2.4496,73.55650000000001,79.28999999999999,3,2,3
OC([C@@H](CCC1)CN1C(CC(Nc(cc1)cc(Cl)c1F)=O)=O)=O,342.75400000000013,2.1308999999999996,81.59650000000003,86.71000000000001,3,2,4
OC([C@H](CCC1)CN1C(CC(Nc(cc1)cc(Cl)c1F)=O)=O)=O,342.75400000000013,2.1308999999999996,81.59650000000003,86.71000000000001,3,2,4
OC([C@H](Cc1cccc(Br)c1)[C@@H](CC1)CS1(=O)=O)=O,347.2300000000001,2.1271000000000004,75.73260000000003,71.44,3,1,4
OC([C@H](Cc1cccc(Br)c1)[C@H](CC1)CS1(=O)=O)=O,347.2300000000001,2.1271000000000004,75.73260000000003,71.44,3,1,4
OC([C@H](CCC1=CC=C2NC(OCc3ccccc3)=O)N1C2=O)=O,328.32400000000007,2.1689,85.94550000000005,97.63,5,2,4
C[C@@H](C(O)=O)NS(c(cc1)cc(C(F)(F)F)c1Cl)(=O)=O,331.69900000000007,2.1102,63.873300000000015,83.47,3,2,4
Cc1cccc(-n2ncc3c2N=C2SC[C@@H](CC(O)=O)N2C3=O)c1,342.38000000000005,2.0121199999999995,89.87580000000004,90.00999999999999,7,1,3
Cc1cccc(-n2ncc3c2N=C2SC[C@H](CC(O)=O)N2C3=O)c1,342.38000000000005,2.0121199999999995,89.87580000000004,90.00999999999999,7,1,3
COc(ccc(SCCC(N(CCC1)[C@@H]1C(O)=O)=O)c1)c1OC,339.41300000000007,2.2615999999999996,87.25780000000006,76.07000000000001,5,1,7
Cc1nn(C)c(C(N2C[C@H](Cc3cccc(C(O)=O)c3)CC2)=O)c1,327.3840000000001,2.13152,89.06080000000004,75.43,4,1,4
Cc1nn(C)c(C(N2C[C@@H](Cc3cccc(C(O)=O)c3)CC2)=O)c1,327.3840000000001,2.13152,89.06080000000004,75.43,4,1,4
CC(C)(C)OC(C(CC1)(CCN1C(OC(C)(C)C)=O)C(O)=O)=O,329.39300000000003,2.4299999999999997,82.95480000000006,93.13999999999999,5,1,2
CC[C@@H](C(N(CC1)CCC1(C(O)=O)n1ncc(C)c1)=O)n1cccc1,344.4150000000001,2.046619999999999,92.14780000000005,80.36000000000001,5,1,5
COc(ccc(/C=C/C(O)=O)c1)c1S(N1CCCCCC1)(=O)=O,339.4130000000002,2.3577000000000004,86.89060000000005,83.91,4,1,5
OC([C@@H]1N[C@H](c2cccc(I)c2)SC1)=O,335.16600000000005,2.0794,68.91750000000002,49.33,3,2,2
OC([C@@H](CS[C@]1(CC2)c(cc3)ccc3Br)N1C2=O)=O,342.21400000000006,2.4243000000000006,75.78180000000003,57.61,3,1,2
Cc1[nH+]ccn1C(CC1)(CCN1C(/C=C/c1ccccc1)=O)C(O)=O,340.4030000000001,1.7263200000000003,92.62450000000005,76.68,3,1,4
CC(C)(C)n1ncc(NS(c2cc(C(O)=O)c(C)cc2)(=O)=O)c1,337.40100000000007,2.44552,86.16980000000004,101.28999999999999,5,2,4
CCN(C(C([C@@H](c1c(CC2)cccc1)N2C(C)=O)=C(N1)O)=O)C1=S,345.42400000000004,2.12539,92.60150000000002,78.33000000000001,5,2,2
C[C@H](C1)O[C@H](C)CN1C(NC(c1cc(Cl)nc(Cl)c1)=O)=N,331.203,2.16217,81.03190000000002,78.31,4,2,1
CCOC(c(c1c2)c(C[NH3+])n(C)c1cc(Br)c2O)=O,328.18600000000004,1.565,74.83240000000002,79.1,4,2,3
C[NH+](C)[C@@H]1[C@H](CCC(O)=O)C[N@@H+](Cc2cccc(C(O)=O)c2)CC1,336.43200000000013,-0.8324999999999951,89.37750000000005,83.47999999999999,2,4,7
CC([C@@H]([C@H](c(cc1)ccc1O)N1)C(OCC(F)(F)F)=O)=NC1=O,330.26200000000006,2.3391,72.9925,87.98999999999998,4,2,3
CC([C@@H]([C@@H](c(cc1)ccc1O)N1)C(OCC(F)(F)F)=O)=NC1=O,330.26200000000006,2.3391,72.9925,87.98999999999998,4,2,3
CC([C@@H]([C@H](c1cc(O)ccc1)N1)C(OCC(F)(F)F)=O)=NC1=O,330.26200000000006,2.3391,72.9925,87.98999999999998,4,2,3
CC([C@@H]([C@@H](c1cc(O)ccc1)N1)C(OCC(F)(F)F)=O)=NC1=O,330.26200000000006,2.3391,72.9925,87.98999999999998,4,2,3
CC(C)C(N(CCC1)C[C@@H]1/[NH+]=C1/N(C)c(ccc(C(O)=O)c2)c2N1)=O,345.4230000000001,-0.16709999999999708,92.76670000000004,92.30000000000001,3,3,3
CC(C)C(N(CCC1)C[C@H]1/[NH+]=C1/N(C)c(ccc(C(O)=O)c2)c2N1)=O,345.4230000000001,-0.16709999999999708,92.76670000000004,92.30000000000001,3,3,3
CN(C(C[C@@H]1[N@H+](CC2)CC[C@@H]2c2nc(cccc3)c3s2)=O)C1=O,330.43300000000005,0.8159000000000005,88.47370000000005,54.71,4,1,2
CC(C)n1c(CN(C)C([C@H](c2cc(C)ccc2)[NH+](C)C)=O)nnc1,330.4560000000001,1.0116200000000009,93.61170000000006,55.46,4,1,6
CN(C1CCSCC1)C([C@@H](c(cc1)cc2c1OCO2)[NH+](C)C)=O,337.46500000000015,0.9548999999999996,91.23370000000007,43.21000000000001,4,1,4
C[C@@H](CCCC1)[N@@H+]1[C@H](CC(N1c2cc(OC)cc(OC)c2)=O)C1=O,333.40800000000013,0.7929999999999999,89.58670000000006,60.28,4,1,4
CC[NH+](CC1)CCN1C([C@H](C(C)C)NC([C@H]1CC[C@@H](C)CC1)=O)=O,338.51600000000013,0.7005000000000023,95.70840000000007,53.85,2,2,5
CC[NH+](CC1)CCN1C([C@@H](C(C)C)NC([C@H]1CC[C@@H](C)CC1)=O)=O,338.51600000000013,0.7005000000000023,95.70840000000007,53.85,2,2,5
C[NH+](C)Cc1cccc(C(N(CC2)CCN2C2CCSCC2)=O)c1,348.53600000000006,0.9845000000000013,100.78020000000006,27.990000000000002,3,1,4
COc(ccc(-c1nn(CCC(O)=O)cc1/C=C\C(O)=O)c1)c1OC,346.3390000000001,2.1398,89.68960000000004,110.88000000000001,6,2,8
COc(ccc(-c1nn(CCC(O)=O)cc1/C=C/C(O)=O)c1)c1OC,346.3390000000001,2.1398,89.68960000000004,110.88000000000001,6,2,8
OC(CCCC(Nc(ccc(Br)c1)c1C(O)=O)=O)=O,330.13400000000007,2.3407,71.21780000000003,103.69999999999999,3,3,6
CC(C)Oc(ccc([C@@H](C1)n2ncnc2N=C1C(O)=O)c1)c1OC,330.34400000000005,2.2241,86.26680000000003,98.83,7,1,5
CC(C)[C@H](CN(C1)C(CCc(cc2)cc3c2OCO3)=O)[C@@H]1C(O)=O,333.38400000000007,2.1630999999999996,86.91980000000005,76.07,4,1,5
CCN(CC)S(c(cc1)cc(C(O)=O)c1N1CCCC1)(=O)=O,326.4180000000002,2.0155,84.95510000000006,77.92,4,1,6
CCC[C@H](CN(C1)C(C2=CC=C(C(C)C)N(C)C2=O)=O)[C@@H]1C(O)=O,334.4160000000001,2.0816,91.19930000000005,79.61000000000001,4,1,5
CCCN(CCC)c(c(C(O)=O)c1)ncc1NS(CC)(=O)=O,329.42200000000014,2.1677999999999997,87.07480000000005,99.6,5,2,9
CCCCN(CC)c(c(C(O)=O)c1)ncc1NS(CC)(=O)=O,329.42200000000014,2.1677999999999997,87.07480000000005,99.6,5,2,9
CCC[C@H](CN(C1)C(Cc2cnc3n2cccc3C)=O)[C@@H]1C(O)=O,329.4000000000001,2.14452,89.73680000000004,74.91,4,1,5
CCCc1nc(C(N(C[C@H]2C(O)=O)C[C@H]2c2ccncc2)=O)cs1,345.42400000000004,2.431000000000001,90.11630000000004,83.38999999999999,5,1,5
CCn1ncc(C(N(C[C@H]2C(O)=O)C[C@H]2c2c(C)cccc2)=O)c1,327.384,2.15182,88.85030000000005,75.43,4,1,4
COc1cccc([C@H](CN(C2)C(c3cnccc3)=O)[C@@H]2C(O)=O)c1,326.35200000000003,2.0305999999999997,87.00130000000004,79.72999999999999,4,1,4
CCC[C@H](C(O)=O)NC(c1cc(c(OC)cc(OC)c2)c2n1C)=O,334.37200000000007,2.1785999999999994,89.82100000000007,89.78999999999999,5,2,7
CC(C)=CC[C@@](CCC1)(CN1C(C1=CC=CN(C)C1=O)=O)C(O)=O,332.4000000000001,2.0486,90.93730000000005,79.61000000000001,4,1,4
CC(C)=CC[C@](CCC1)(CN1C(C1=CC=CN(C)C1=O)=O)C(O)=O,332.4000000000001,2.0486,90.93730000000005,79.61000000000001,4,1,4
COc1cccc([C@H](CN(C2)C(c3ccns3)=O)[C@@H]2C(O)=O)c1,332.38100000000003,2.0921,84.87830000000004,79.72999999999999,5,1,4
CN(C=C(C=C1)C(N(CCC2)C[C@@H]2c2cc(C(O)=O)ccc2)=O)C1=O,340.3790000000001,2.1033,92.96280000000006,79.61,4,1,3
C[C@H](C1)O[C@@H](C)CN1[C@@H](c1ccco1)c(sc1ncnn11)c1O,334.401,2.2880000000000007,84.66180000000004,76.03,8,1,3
C[C@H](C1)O[C@H](C)CN1[C@@H](c1ccco1)c(sc1ncnn11)c1O,334.401,2.2880000000000007,84.66180000000004,76.03,8,1,3
COc1c([C@H](CN(C2)C(c3ccncc3)=O)[C@@H]2C(O)=O)cccc1,326.35200000000003,2.0306,87.00130000000004,79.72999999999999,4,1,4
Cc1c(C(N(C[C@H]2C(O)=O)C[C@H]2c2cc(OC)ccc2)=O)oc(C)n1,344.3670000000001,2.2404400000000004,88.74130000000005,92.87,5,1,4
C[C@H](C1)O[C@H](C)CN1[C@H](c1ccco1)c(sc1ncnn11)c1O,334.401,2.2880000000000007,84.66180000000004,76.03,8,1,3
C[C@H](C1)O[C@@H](C)CN1[C@H](c1ccco1)c(sc1ncnn11)c1O,334.401,2.2880000000000007,84.66180000000004,76.03,8,1,3
CC(N1[C@H](c(cc2)ccc2Br)SC[C@@H]1C(O)=O)=O,330.20300000000003,2.4962,73.28480000000003,57.61,3,1,2
CC(N1[C@@H](c(cc2)ccc2Br)SC[C@@H]1C(O)=O)=O,330.20300000000003,2.4962,73.28480000000003,57.61,3,1,2
